id,name,access_path
location_32,"77201 Smith Stravenue Suite 983
Obrienberg, PA 50900",location_32
location_213,"378 Jones Mews
North Jeffery, SD 71493",location_32::location_213
location_214,"8091 Frederick Burgs Apt. 413
North Georgeland, AK 53344",location_32::location_214
location_215,"38989 Smith Courts Apt. 936
West Leslie, LA 72153",location_32::location_215
location_216,"638 Singh Locks Suite 427
West Theresa, MI 10446",location_32::location_216
location_1357,"654 Mitchell Keys
Webermouth, WA 55621",location_32::location_213::location_1357
location_1358,"20806 Duffy Mountain Apt. 550
Lake Bonnieside, OK 11766",location_32::location_213::location_1358
location_1359,"486 Amanda Forges Apt. 920
Meyerchester, WV 06579",location_32::location_213::location_1359
location_1360,"72342 Fox Course
Adamsshire, NH 16380",location_32::location_213::location_1360
location_1361,"36483 Barnes Glens Apt. 206
Heathland, DE 87320",location_32::location_213::location_1361
location_1362,"56446 Benitez Junction
Karinaberg, MT 88565",location_32::location_214::location_1362
location_1363,"1038 Glass Common Apt. 584
Gregorymouth, ND 58626",location_32::location_214::location_1363
location_1364,"434 Williams Station
Elizabethfort, MN 86721",location_32::location_214::location_1364
location_1365,"6219 Alexander Lodge
New Jacobstad, KS 13043",location_32::location_214::location_1365
location_1366,"3079 Smith Plaza
Murphybury, IL 51597",location_32::location_215::location_1366
location_1367,"4512 Stephen Mission
Lanemouth, AR 38719",location_32::location_215::location_1367
location_1368,"1521 Valerie Plains
East Gabriellestad, WA 83895",location_32::location_215::location_1368
location_1369,"41282 Dylan Harbors
Mendeztown, MA 62572",location_32::location_215::location_1369
location_1370,"6262 Jennifer Hills Suite 906
New Emilyport, TX 19398",location_32::location_215::location_1370
location_1371,"1491 Tyler Stream Apt. 287
Vanessaport, OR 21709",location_32::location_215::location_1371
location_1372,"8742 Jackson Point
East Claudiastad, CA 92524",location_32::location_215::location_1372
location_1373,"Unit 1283 Box 3182
DPO AP 50224",location_32::location_215::location_1373
location_1374,"8771 Arias Lock Suite 132
Pattersonberg, NC 95799",location_32::location_215::location_1374
location_1375,"408 Victoria Neck
Lake Soniaside, NH 23047",location_32::location_215::location_1375
location_1376,"1887 Nelson Villages
Jamesshire, IL 50355",location_32::location_215::location_1376
location_1377,"639 Robert Center
Rossshire, IN 52798",location_32::location_215::location_1377
location_1378,"52413 Harry Road
Amberport, TX 08603",location_32::location_215::location_1378
location_1379,"115 Perez Bridge
North Alicemouth, AL 37450",location_32::location_215::location_1379
location_1380,"302 Francis Cape Suite 745
New Christy, SD 58293",location_32::location_216::location_1380
location_1381,"16822 Smith Vista
Craigburgh, DC 79571",location_32::location_216::location_1381
location_1382,"4184 Stout Green Apt. 687
New Matthew, NM 96461",location_32::location_216::location_1382
location_1383,"659 Bradley Terrace
Martinezchester, KY 26364",location_32::location_216::location_1383
location_1384,"Unit 5753 Box 5317
DPO AA 89017",location_32::location_216::location_1384
location_1385,"8893 Baker Shore Apt. 834
North John, NE 11512",location_32::location_216::location_1385
location_1386,"92865 Mcpherson Row
Laurenborough, ME 01339",location_32::location_216::location_1386
location_1387,"30144 Roberson Street
East Joshua, KY 92201",location_32::location_216::location_1387
location_1388,"9616 Stone Camp Apt. 496
Reginaside, MA 93296",location_32::location_216::location_1388
location_1389,"88068 Santana Extension
East Kristine, SC 23417",location_32::location_216::location_1389
location_1390,"8630 Anderson Well
West Regina, CA 13695",location_32::location_216::location_1390
location_1391,"990 Cody Drive Suite 957
Johnsontown, KY 56405",location_32::location_216::location_1391
location_1392,"29193 Gonzales Path
Thomasview, OK 88489",location_32::location_216::location_1392